,0,1,2,3,4,5,6,7,8,9,10,11,12,13,14,15,16,17,18,19,20,21,22,23,24,25,26,27,28,29,30,31,32,33,34,35,36,37,38,39,40,41,42,43,44,45,46,47,48,49,50,51,52,53,54,55,56,57,58,59,60,61,62,63,64,65,66,67,68,69,70,71,72,73,74,75,76,77,78,79,80,81,82,83,84,85,86,87,88,89,90,91,92,93,94,95,96,97,98,99,100,101,102,103,104,105,106,107,108,109,110,111,112,113
0,33.810516357421875,38.96702194213867,21.81669807434082,32.93404006958008,23.859519958496094,17.701398849487305,12.867412567138672,13.762567520141602,11.54304313659668,13.873733520507812,10.923758506774902,12.706995010375977,7.50738525390625,3.7318856716156006,9.879434585571289,4.126345634460449,7.9968671798706055,8.510327339172363,9.440261840820312,9.4220552444458,9.54173755645752,9.514664649963379,9.32719898223877,9.583718299865723,-1.5052001476287842,-7.12219762802124,-1.1398437023162842,-4.303818225860596,-2.0034515857696533,-1.729875922203064,-1.2877289056777954,-1.3758469820022583,-1.2406209707260132,-1.3135414123535156,-1.2604135274887085,-1.296862006187439,6.005353927612305,79.80508422851562,2.2174935340881348,35.13100814819336,5.845614433288574,4.090907573699951,2.0606508255004883,2.401416778564453,1.9023218154907227,2.249373435974121,1.9410290718078613,2.0707926750183105,-0.7698237959962034,7.74972515673863,-0.6756215975138217,14.614189578655724,-3.594516967787918,-0.6453091103761028,10.278704702083726,3.6614433872877292,6.446387332919887,4.118470396518208,-0.7583495530218789,8.039610309581793,10.145822138492314,4.645030099624952,3.7885375462461544,2.1599233175995955,3.5509342690994035,1.969380578353397,3.4387736140191025,2.92294164357789,3.2771396694763166,8.739576118851994,-3.26089220381728,-7.181638737154007,1.7829194722909905,-0.2892524267319244,5.390680852073687,-2.4579365621584897,5.847279811743487,2.2426435734002657,7.8666412296998525,4.183403486325823,-0.060047539773224384,3.473768124374721,0.6416538389599638,2.0655741619818264,2.269099197788171,4.83910191413919,5.978653030509923,-3.879596846851654,10.574518857374228,0.7864036141199331,16.89888313387704,2.3818202541121907,9.60928407238079,1.7642847109210027,4.811665753340412,-3.225105769103438,5.276600266165076,-0.7000589056439229,9.590872054708704,1.361667949943095,1.8289641638595453,0.6727529257656317,3.631190405590969,4.498009411109202,4.12173583346777,7.641118516569818,3.5244696991226734,-2.3000371479755914,6.447650585626459,3.746144451608973,-2.10407985359946,11.078710302762076,7.58799423281245,10.700581447796202
1,34.984344482421875,37.244651794433594,19.29130744934082,26.716949462890625,13.700615882873535,21.306047439575195,12.372054100036621,14.067131042480469,12.825224876403809,10.94568920135498,11.40194320678711,10.254018783569336,8.332182884216309,8.31971549987793,11.149011611938477,8.804980278015137,10.777149200439453,8.445290565490723,10.55882740020752,10.108628273010254,10.472853660583496,10.389812469482422,10.395644187927246,10.47805404663086,-1.2973012924194336,-6.317896366119385,-1.6664131879806519,-3.7107105255126953,-1.3877605199813843,-3.2397992610931396,-1.3856436014175415,-1.7063945531845093,-1.490964412689209,-1.3109216690063477,-1.3683087825775146,-1.310573697090149,4.82194709777832,43.31621170043945,3.7406907081604004,17.568988800048828,2.4223222732543945,13.770683288574219,2.389127731323242,3.5947608947753906,2.6772265434265137,2.098186492919922,2.1878528594970703,1.9582600593566895,-16.340723103164876,-3.4815929338395324,-8.247165363901884,0.848333395111838,-17.22665782834653,-6.828754542755262,-6.500800344356761,-9.067537150868569,-2.351003027292822,-8.621847476562527,-1.9880855646681155,42.13944953642897,48.77266116610093,37.56784027097589,41.19330961088774,32.52474626956923,36.60217717127042,33.338457809840115,31.12007077613873,31.29821720816425,32.83464775317284,44.105323798849064,24.46476644435329,28.690841512600016,31.45766113156607,26.648778453198666,33.00773618989199,28.28879592489819,29.8751441704178,30.53711653213104,27.29791862267426,32.4052367350671,31.826607555892593,33.238673745310656,33.73305958918313,31.428763708866082,30.05815535146958,28.10465382795597,26.524751606217016,26.118789317324534,26.89405503245183,20.840240032317627,24.805012948759078,23.177590638864437,23.945678560298514,20.668354377332317,28.363590759034853,22.648648049852024,21.199784550438324,25.996624312791035,24.381016441061693,16.518677513138076,29.59908981562197,27.99303357635172,28.984323064108153,25.560740425312378,11.925126212014549,27.49749256035885,24.06016489846784,22.057305138943693,21.564127748391282,25.327003186077295,23.65745988876161,18.636359787858883,27.429874108197726,22.848323485426153
2,33.89015579223633,38.74183654785156,21.458650588989258,29.751874923706055,18.12103843688965,18.73876190185547,13.702485084533691,17.2711181640625,13.1173095703125,11.486661911010742,11.732674598693848,12.400079727172852,10.755337715148926,7.901603698730469,10.8239107131958,7.958788871765137,10.965917587280273,10.356881141662598,10.620951652526855,10.03287410736084,10.880958557128906,10.544739723205566,10.76375675201416,10.514728546142578,-1.2084650993347168,-7.018845081329346,-1.8358904123306274,-4.9281134605407715,-1.606540322303772,-1.9827134609222412,-1.4549566507339478,-1.9168752431869507,-1.2626525163650513,-1.3903367519378662,-1.247277021408081,-1.4369094371795654,2.6319780349731445,53.56880569458008,4.7145819664001465,29.36056900024414,3.6911911964416504,4.935520648956299,2.756511688232422,4.888467788696289,2.17277193069458,2.2917747497558594,1.9479751586914062,2.542229175567627,-11.449188123643358,-3.9398315759563998,-10.844634572086486,1.097004219901676,-7.741168375272229,-1.8560774436190999,0.4388422723941196,1.258879336375344,-6.265314394050493,-3.303389142246236,-2.74580851398249,40.625523051820345,46.06409381331239,40.57776360982956,34.832503264387555,34.93394857934598,39.65756606220672,36.27635619586531,32.73200232785854,34.98223388675095,35.35486039892161,27.983664448843825,37.6644868246447,27.89348696660921,33.02124427756608,28.809402843721628,31.38059206872103,29.937039199750657,24.621019622358688,23.442928923465374,31.07236932432205,35.80569144663837,24.64428493338899,32.38446195635193,19.36659308031257,26.184998978890274,20.313954934770813,25.6613805828222,29.242058655858227,38.50147341616367,29.90766173367004,33.95289433289132,34.75386028757733,32.37506043735434,29.521873204857048,19.198322453417838,29.286789757110448,13.805776384216838,25.033812135081874,15.42729965162282,19.902866630841977,28.12640312752022,31.828044614397328,23.238661974050032,25.904525587468274,21.975776177686217,27.33993885996987,24.154674913481642,22.060736691975833,21.158263967517595,26.905659538998453,35.27734700536883,27.636895020573363,29.27098487633503,23.1412883820307,34.07392958865795
3,29.234865188598633,38.255287170410156,16.981063842773438,26.40626335144043,15.83371353149414,19.200218200683594,12.733938217163086,17.478384017944336,11.082169532775879,12.660962104797363,10.63643741607666,9.995308876037598,10.240939140319824,6.581155300140381,10.64684009552002,7.539609432220459,10.097726821899414,8.571675300598145,10.2068452835083,8.926523208618164,10.035572052001953,9.893401145935059,10.302164077758789,10.07990550994873,-0.9074754118919373,-8.15781021118164,-1.3955374956130981,-4.139459133148193,-1.5202717781066895,-2.553034543991089,-1.4337202310562134,-2.139993190765381,-1.338640809059143,-1.4617643356323242,-1.2718232870101929,-1.263824224472046,2.522378921508789,74.24140930175781,2.8930721282958984,22.721254348754883,3.114826202392578,8.8177490234375,2.5564212799072266,6.222476959228516,2.241060733795166,2.6051526069641113,1.8890442848205566,1.9204068183898926,-13.997172158061447,10.837298236074895,-16.647726036019478,-2.099714532855989,-13.029155665438802,-5.7288530419674695,-10.282247560786319,-5.442266028543158,-11.752018828989812,-6.946909949120713,-6.534996617725775,22.541319075482825,31.730495060913903,20.863187702171285,25.060320500516628,19.924531078157653,25.123631184001933,18.883374460266612,20.018906146700537,21.0769325169993,19.72859004241454,17.417639321686753,18.60421024534259,7.094677597248166,21.10207756611909,11.737621467576124,20.89490657828023,15.035374986145733,15.803205871012883,14.483419124351789,17.1667932148334,25.18333222988157,10.696073013616228,16.346429593301426,13.621687189331919,18.237720085012526,16.232982603984514,13.976217780122616,18.023104422761435,21.113154128172145,13.220306129309357,14.283605190542582,18.02251986908914,14.534066282554505,11.143811798622787,7.740169405308736,21.33321851904234,10.917470058816628,17.192917292921127,8.770686007885931,10.05970997716555,14.777490063090365,14.01812940324548,14.852572657768883,20.138773825318108,17.26664665816214,15.626713974574066,20.339161606096386,14.057337332240477,18.764860481228858,17.4236882699315,14.062369367113906,16.95571787729836,14.844870092125952,17.48407746327171,18.88458881738212
4,34.77861404418945,40.603267669677734,23.41132164001465,27.633026123046875,19.705541610717773,14.648216247558594,13.308415412902832,15.214115142822266,12.721701622009277,15.158204078674316,12.529366493225098,12.180359840393066,11.557117462158203,7.16685676574707,10.506525039672852,7.91405725479126,9.706134796142578,10.419901847839355,10.242395401000977,9.98190689086914,10.356616973876953,10.053995132446289,10.332950592041016,10.230093955993652,-1.0029125213623047,-7.950024604797363,-1.8419500589370728,-4.0151143074035645,-2.106293201446533,-1.4997155666351318,-1.4275226593017578,-1.7175899744033813,-1.3825072050094604,-1.6556307077407837,-1.3944854736328125,-1.4179819822311401,1.6425695419311523,69.67402648925781,5.1027421951293945,21.699207305908203,6.081362724304199,2.8921146392822266,2.6192049980163574,3.7466177940368652,2.486903190612793,3.6786422729492188,2.4187049865722656,2.456625461578369,-4.548098139911338,13.060852884866488,-20.259694776950667,-7.083100727346197,5.622453178015487,1.7051646215295142,-9.195290062873283,4.927890312420442,-3.3371644597782186,3.2884341526860625,-7.108504436819988,36.13685563235799,36.044201441214426,33.544022974474444,27.14838899830575,27.47584257751936,27.68195622562503,27.072197347091493,26.59618093393066,26.741086767151693,25.552374059390583,26.07696273675599,16.69059377534696,21.813307599977275,24.758141302994726,14.772313501708034,23.88452303338804,27.017788809705632,25.02481721049608,19.934713675540305,27.660754268970738,20.98900318261714,19.75105142090514,23.83423068745514,14.6665369425483,21.281442582652623,19.257004992917555,22.17995820058899,23.767045375292064,15.806074005317923,23.713102035180828,15.935993147048785,21.64614435894628,16.547528317115326,21.66966019815877,19.55945864786894,20.46777042674507,18.236466524039383,18.95351015848182,18.59131664444606,18.49343709067879,16.86635435660585,19.83487400870007,19.740232531129937,21.341930599045376,19.12713065424932,19.69201713777733,21.002611351700402,16.784516916965345,18.35704468777815,26.96198636713997,22.04795023998733,16.85800378687809,19.072562850767085,22.326523320805475,17.734017793130796
5,49.74583053588867,44.01984786987305,26.580289840698242,24.55036735534668,19.06426429748535,15.909759521484375,18.433481216430664,14.024308204650879,19.778528213500977,15.386756896972656,17.305925369262695,17.66036605834961,1.3913400173187256,2.003220558166504,7.154325485229492,9.256325721740723,10.173900604248047,10.146221160888672,10.776355743408203,9.508928298950195,10.807331085205078,9.342448234558105,9.330363273620605,10.615933418273926,1.0387614965438843,-9.021512031555176,-2.1873815059661865,-1.7612507343292236,-1.1452043056488037,-1.0401036739349365,-0.880177915096283,-1.281510829925537,-1.0630192756652832,-1.2297559976577759,-1.3213417530059814,-1.0994633436203003,3.6589698791503906,230.83616638183594,7.318730354309082,3.869107246398926,1.8334283828735352,1.5311689376831055,0.9709970951080322,2.164381980895996,1.2916626930236816,2.179441452026367,2.3238348960876465,1.6463942527770996,-0.7427710054389176,-3.0559142796837833,0.24096647604044633,-0.6961507054179484,1.3406031125790794,-0.7047349738650847,-0.402528749727178,-3.103987566379166,-1.744907964775071,-1.3020817001962768,-3.775228230222072,-0.7135081600283439,-2.335565996841231,0.5600077644400395,0.42895486196165555,1.2952976725641072,-1.245667076541612,-0.04887660607771782,-1.2954004595787145,-0.2647810095560094,-1.4738560477991778,2.343691753666015,4.815716580578223,9.198467358092664,6.979549853467942,6.437287992076431,10.223198738360733,7.446782536638546,4.514196322540873,10.248454469593172,-31.90468363751708,-6.097808794197081,-40.504141288233285,-2.951176500207566,-46.29322378116571,-2.5105676108452015,-16.691753899053897,-17.62911052488226,6.791203386548092,42.24037606497876,3.4704640830573026,41.37971325401015,4.652045886996409,19.456378807699718,22.136441213302877,10.49043602809319,11.8804075620127,11.095772747241563,6.110498899989752,4.831711286557021,16.180589079591442,6.175610977376353,55.29576459301588,9.109049488502155,22.40166535465971,24.964899221753686,15.42645865874862,8.860182450192662,5.839938725622328,13.587419639463562,15.444753764127157,22.828977517067408,42.48579481050879,12.629837131549055,18.83860042880155,6.512530972659816
6,50.026512145996094,41.41756820678711,26.858409881591797,21.428417205810547,17.56574058532715,21.23870086669922,17.07373046875,15.555410385131836,24.298154830932617,18.403018951416016,19.780229568481445,18.95839500427246,2.620847225189209,4.358891487121582,9.311973571777344,9.453503608703613,9.610738754272461,9.484408378601074,9.359050750732422,9.589044570922852,9.143043518066406,9.787225723266602,10.136941909790039,10.027997016906738,-0.6743805408477783,-3.409308671951294,-1.5602712631225586,-1.5149688720703125,-1.3652287721633911,-1.486855149269104,-1.4038318395614624,-1.1750956773757935,-1.5750494003295898,-1.2329181432724,-1.1201553344726562,-1.1662700176239014,0.4302651882171631,19.505088806152344,3.5704007148742676,3.111616611480713,2.5089268684387207,3.0683035850524902,2.686504364013672,1.95947265625,3.7957587242126465,2.440807819366455,2.0889763832092285,2.0497188568115234,-4.23479289185989,-9.741098253646499,-6.253368086746662,2.4883183404933074,-2.73116250650745,-1.5358034023711997,-0.1498560159678845,-4.559448071587512,-0.11453688590856277,0.032100430735124585,1.1167777843936422,-1.5242132677126516,-2.769871401715909,-6.313433048875672,0.8248809941851402,-4.449952738535645,-3.890416237859749,1.8684714437137948,-3.353820128128829,-3.9561940698622964,-5.121329641608224,17.855498918229156,2.6364728660565095,18.708475761060026,7.963916763427109,6.8772075079073245,13.811590517733803,10.51042349289887,10.08726925699647,1.6749564905980874,14.004429980652361,7.204539256531119,2.9000610716499757,-1.7904169904217495,0.5544254692604548,-7.221792119002154,-6.913351753111578,-5.8569151326744,4.283082626461178,2.9918984497536267,3.6419416535775913,2.4284967805031985,-3.3637920908724013,-1.236754973302823,3.744177948536685,15.564399635518166,12.12589217606111,25.303815228622035,16.311691242977616,20.583217667089034,14.743309885969108,14.532286090133065,11.207920643360906,6.3314244812434,4.9632366739880736,4.455614916089885,5.386388500325604,9.4559006384652,6.371869848339983,9.982975676898956,6.82061933029636,11.91404972137401,14.516844352110184,23.288890532501284,13.866419899871646,28.272027284094307
7,51.38984680175781,42.721858978271484,22.90707015991211,26.68031120300293,19.15003204345703,12.486934661865234,13.837428092956543,14.521714210510254,13.62935733795166,12.849665641784668,15.363322257995605,12.334617614746094,1.9690271615982056,2.692167043685913,8.715350151062012,5.840957164764404,9.205516815185547,9.497702598571777,9.423612594604492,9.29274845123291,9.45905876159668,9.730786323547363,9.269326210021973,9.589195251464844,-0.38909032940864563,-3.898651361465454,-1.7302953004837036,-2.7687273025512695,-1.5536314249038696,-1.2431201934814453,-1.3219834566116333,-1.316436529159546,-1.2364202737808228,-1.124173641204834,-1.4131622314453125,-1.146330714225769,0.2341301441192627,34.03769302368164,4.337486743927002,12.565414428710938,3.1257448196411133,1.861253261566162,2.136523723602295,2.122340202331543,1.8977065086364746,1.7018356323242188,2.5404467582702637,1.7467947006225586,-1.6057516360907604,-2.911494449830241,-3.538648813568982,8.625909091205399,2.3637429387313995,-2.1260249657669195,-0.44817229005663,-1.0620180468506741,1.4486163908258707,-3.89687526175377,0.6047042861343485,-0.7353376021328117,-0.2780087581682851,1.0303381813725052,-2.5611742737775676,-4.4559972939704275,-0.14865038084914994,-4.169585819486467,-6.017691886251324,-3.0853115428832703,-3.895312276539877,2.06934713326152,-12.553661638101163,2.6766036599367973,2.5670698279858652,3.2846268328816706,3.0276957347322724,-2.2699572537398467,-2.060064686108184,-1.61955134966004,-3.5088616438574576,-5.321597426134675,-2.8146039471952475,-5.286953596829944,-4.07912159457986,0.10733641578225553,5.148357807083973,-2.1589283338694942,1.5260140001954101,-16.88330057907685,-11.202200487569039,-12.475866926285144,-0.26933218074473775,-17.133509139056898,-2.7727352062365633,5.67644555139825,6.881253932399678,5.465747634855586,2.3997237811639027,1.6273762467559696,1.667734765068191,13.423704517811384,10.072170183740493,4.654122488490704,9.221334691134741,7.248267741027985,16.693277907531655,2.188638245353503,4.323054435242382,4.907864801505813,9.316225866960151,5.821908817309613,4.364226599222024,2.678524283871328,10.236598735472421,10.356881413534966
8,50.8137321472168,35.497623443603516,33.54389953613281,22.765459060668945,23.34288215637207,28.392744064331055,16.076784133911133,20.0444278717041,17.973054885864258,18.006610870361328,20.9829044342041,18.032215118408203,1.6723401546478271,9.675031661987305,10.058969497680664,9.960991859436035,11.099519729614258,8.960838317871094,10.910432815551758,10.161083221435547,10.553228378295898,11.384414672851562,10.679710388183594,11.786656379699707,0.05834982916712761,-5.542256832122803,-4.701902866363525,-3.0987489223480225,-2.472564458847046,-5.097103118896484,-1.8810080289840698,-2.5966951847076416,-2.1812498569488525,-1.8377063274383545,-2.45631742477417,-1.6717193126678467,0.6485271453857422,31.490406036376953,23.678306579589844,11.102123260498047,7.218308448791504,26.726388931274414,4.0481977462768555,7.916878700256348,5.577998161315918,3.8883609771728516,7.032111167907715,3.2862162590026855,-8.782617316631127,-11.554998298315468,-7.480255326634732,-13.039998363285564,-8.168708372727234,-9.253582118705005,-9.134618227132126,-4.57364302775505,-8.557115803531012,-6.637877442381136,-4.2702152683354235,88.12575660673768,63.7547245866999,71.01869069049951,81.47365130241775,61.89671468057035,69.13217895398873,60.67976706645765,64.16351364271608,70.39310480426673,55.31951585718623,71.80538956330112,86.53362701996589,83.29609543475162,67.34623725910747,72.77497862683734,60.03032357075121,68.55154275127862,70.61580255698387,64.08657975536197,67.5753273267571,59.79536807381151,47.98957372900714,59.499947080329434,49.617305521456444,55.83927905337988,51.41827459570648,56.064514341810344,68.70701011987333,62.10326967774855,66.90627489678523,50.41651506166494,67.89519785515508,52.29137648687881,59.29361479049985,57.991793242499284,60.995183301563536,56.672062797704825,60.4984641399488,64.5172029016463,54.8883018202223,58.450748636216254,34.657901667961056,46.85742640120254,45.55576305899235,48.307172813529775,55.66264766185404,49.45630247932917,50.33568846164238,53.33653463687384,60.05775460362849,41.690015875683486,50.12132252393973,58.49534586413969,39.225797331678415,46.76295707967464
9,50.54548263549805,43.705440521240234,22.854097366333008,24.360958099365234,18.777122497558594,17.98639678955078,17.196504592895508,13.372113227844238,16.857643127441406,14.758922576904297,18.170211791992188,16.270793914794922,1.1663297414779663,1.9769618511199951,9.415075302124023,8.42307186126709,9.285111427307129,9.120306015014648,10.822857856750488,9.575907707214355,10.378355979919434,9.575191497802734,8.95788860321045,10.299429893493652,0.32839280366897583,-11.227484703063965,-1.5842105150222778,-1.903027057647705,-1.5085667371749878,-1.3767398595809937,-0.8612786531448364,-1.2927043437957764,-0.9448583722114563,-1.2104958295822144,-1.4993064403533936,-1.0315179824829102,1.5622406005859375,295.26214599609375,3.383157730102539,4.911038398742676,3.0315842628479004,2.653109550476074,1.0549583435058594,1.9842724800109863,1.4084763526916504,1.9965567588806152,3.104146957397461,1.5530319213867188,-0.3773761943285991,-2.068511647401464,-1.5700192993194446,0.8724610550772591,-2.478201456464212,-2.0826374396857874,-1.202754907602932,-3.7431145729383584,-1.887686630405487,-2.252409053172911,-3.6935622459268376,-3.1757615287211367,-1.8082921349139796,0.2903587112422621,-0.8425520970696497,1.17588274617168,-1.1793614392367309,0.1842752040673241,-0.6727943086502172,-0.2626537678058669,-2.5905467032396734,-5.552783570433609,3.645015040637357,4.620608535029061,2.5633602518524947,7.920732792421988,9.43538851179817,11.358936677821806,-0.7832911718895647,16.775855864818176,-10.834041907838975,9.963733093698742,-19.876548081794223,1.9341240830610633,-19.745079605369515,-0.5203282747382207,0.6208396978592172,1.9323545429621265,3.520261751809084,23.27466188408898,-2.4194493203231455,14.996144387063076,-2.7065068389198785,-0.9005308074357857,4.827778065467758,10.083205572671444,8.894193789404582,8.92851760517135,5.360686645603828,13.854381015742474,17.01823321764193,0.05544794731637947,40.856902430039405,1.3801823230381927,15.969613762970114,16.673146546218998,11.477692335079029,7.779537132000947,10.48588951439275,7.781512032067877,14.94119949596591,14.202594066829972,23.59250761315288,12.817050593447041,9.559704468744776,2.9184019060237905
10,48.60265350341797,41.43219757080078,25.845550537109375,29.852840423583984,18.73746109008789,15.876049995422363,16.050434112548828,19.31119155883789,15.228647232055664,15.488635063171387,19.28505516052246,16.134647369384766,2.840178966522217,2.4781055450439453,9.00333023071289,5.038230895996094,8.878449440002441,9.189866065979004,9.357196807861328,9.334527015686035,9.69503402709961,9.859003067016602,9.366999626159668,10.356678009033203,-2.3892452716827393,-4.230919361114502,-1.6951996088027954,-2.6299407482147217,-1.5722771883010864,-1.4342654943466187,-1.351880431175232,-1.3718039989471436,-1.2263261079788208,-1.1158630847930908,-1.4536563158035278,-1.0718684196472168,8.162841796875,88.61569213867188,4.278128147125244,15.114505767822266,3.3578667640686035,2.720001697540283,2.388303279876709,2.720493793487549,2.0530152320861816,1.7797155380249023,3.071957588195801,1.5003376007080078,1.184322783446539,0.2463217932490376,3.767940842447839,2.124946352476648,3.139188080884931,-1.834098567086792,0.5191695640691351,0.5002445245285722,2.340150475983465,1.7631720866685048,2.1555624915378746,-0.4966280242305857,2.9958266489796035,0.9288496569831985,0.41913957171078525,0.26208395608884655,-3.381099960277036,-4.775104239791632,-2.6913953772561046,-2.461193055457741,-5.327257135020661,-12.125851127275943,15.867054616185357,6.189812215387569,10.946034532024225,6.406365055947918,3.484880480320049,6.434108860818759,-9.104047839178625,12.11983766591454,3.3648966512823844,-1.5098178426991382,-5.506512942394137,-3.0633072009335156,0.9452651856325104,-0.5245248350123857,5.259796738818669,-4.149956991635074,9.275597630103524,7.72571270049889,1.5076286446444462,-1.3944226216170403,-0.9264550624067605,-2.832905769356604,-4.882925313940361,9.177810443761684,8.682802548390502,-4.062607517434182,6.9265038330438085,0.10131628572065005,5.835647559696982,8.201344868767249,-1.291848979346397,2.5230615059358885,-5.244043172756095,0.17377185666687958,15.002479892741109,14.011946763918639,11.203505619725902,29.31246300591142,11.712304894112945,8.74484932208938,21.94889843884711,7.556444478475686,21.78710479147968,8.889597850010086
11,44.36017608642578,39.72052764892578,21.858882904052734,31.115854263305664,14.076982498168945,17.165552139282227,17.657703399658203,13.096864700317383,19.855358123779297,11.88603401184082,12.436222076416016,11.678099632263184,3.4202163219451904,3.4191465377807617,9.259817123413086,3.8263144493103027,9.457986831665039,8.5551118850708,8.33410358428955,9.11149787902832,7.159450531005859,9.492728233337402,9.300577163696289,9.663174629211426,-0.3828795552253723,-6.405148029327393,-1.5373843908309937,-4.52981424331665,-1.277081847190857,-1.6960041522979736,-1.815960168838501,-1.2992348670959473,-2.1104965209960938,-1.1932371854782104,-1.317538857460022,-1.118916392326355,5.67848014831543,76.9267349243164,3.5057754516601562,39.394996643066406,2.0611681938171387,3.8080382347106934,4.474819183349609,2.040550708770752,6.445402145385742,1.7905349731445312,2.148841381072998,1.632420539855957,-0.32319668328182377,-2.7807542427875287,1.4810552369110863,0.4172604061302711,2.2962605539994434,-6.286763561296942,-2.0774431032501472,-4.359730662977425,-0.5709469651525925,-3.853649292859533,-2.6190399153627433,7.592933644257364,4.179277817691719,4.609117915637774,-1.832855968474036,5.5876203341832715,-0.2085417290123107,5.760417940107166,-2.3576739113034626,2.518455248571082,-1.0792043427640645,-1.1386470219848723,10.034301945650357,-1.6230342567523872,8.765219404628798,0.3003332684627158,0.9575538127132719,-0.135276667974065,3.073618467958914,-0.29384643585419923,-3.1979572449640985,6.446147031703032,-0.7702717935710645,2.2803049157547393,3.0385737538357347,1.1097933357489402,-2.589196676151617,2.3605897419706348,-17.0764936117979,11.922431372373351,-3.134086895208863,1.7157381298239676,-2.7209294352641042,7.9085692545647035,-4.8078147690369955,-22.630881177356283,10.794701526926152,-6.923759198505889,5.56845691629743,-6.742021047841932,4.299282679587426,-16.1212565175206,10.869924012628257,-3.3234010832598573,9.60086514332384,2.4896689366761073,-14.065153722044574,6.677061829700944,0.10485735759029367,-4.777854901150269,-12.087200395503007,-0.4488413035110693,2.322415682358349,-2.133976478159124,5.164420886109354,-1.3725188784905828
12,47.51904296875,41.76853561401367,15.26110553741455,26.887348175048828,18.134201049804688,17.568614959716797,11.29686450958252,13.198585510253906,13.84927749633789,14.741143226623535,13.542763710021973,13.095308303833008,2.3294806480407715,6.841348171234131,10.518765449523926,7.229211807250977,9.852736473083496,9.713428497314453,9.95911693572998,10.105578422546387,10.307656288146973,10.186952590942383,10.046847343444824,10.299386024475098,0.6461915373802185,-8.579465866088867,-1.4403008222579956,-4.466554641723633,-1.8077054023742676,-1.890499472618103,-1.3545448780059814,-1.455808401107788,-1.3981858491897583,-1.5249963998794556,-1.5250506401062012,-1.3496708869934082,1.593815803527832,79.22039031982422,2.5259623527526855,26.16057014465332,4.356839179992676,4.558928966522217,2.1273536682128906,2.664844512939453,2.4201560020446777,2.9407129287719727,2.869046688079834,2.3685216903686523,-5.576130202176276,-0.5468796705886417,-6.50112364107901,-0.9549480345253263,-3.4872686738606484,-2.0172658207784098,-1.6237140679097188,-1.792655544222914,-2.3862237956614685,-4.576696635484161,-4.800004161933125,26.483694661310434,37.6147292822159,32.32193564356795,31.042683470912504,24.403958780196252,22.35823831970348,21.112967564641146,22.408277514386615,23.518710156650684,23.78525853877271,18.63234598609312,22.075074987545456,13.10818763129423,17.5472090224065,13.884882436719709,15.069291288568877,13.296884152238036,16.185328343125377,14.653085494454396,25.273222076406764,28.2793845168587,18.550673213611542,15.375084467756858,13.701641965022878,17.026627787038617,16.85754507664072,21.059114283902442,30.038740062069728,18.014539734998465,15.344787142303074,9.493478693152209,5.652342773965574,12.292292155745063,13.714897045964806,15.657985583693605,17.05640152709405,4.867122705266288,14.43500323819257,9.964372541327082,11.831031228516036,18.28488437937484,14.769986764520182,13.887797695424299,13.231012972194236,15.163864225629705,20.352932251144896,18.623327345267374,15.216931566838117,14.48200210721484,25.90423531445987,15.863829634799922,17.556365818729724,20.11475403505354,13.850793961624333,18.965069054565564
13,45.409358978271484,39.2774543762207,23.251052856445312,23.766633987426758,12.875897407531738,15.934013366699219,12.655163764953613,13.713546752929688,11.879424095153809,15.115753173828125,12.626550674438477,12.209636688232422,3.1148366928100586,5.353739261627197,9.244219779968262,7.8691840171813965,9.781750679016113,9.376949310302734,9.622758865356445,9.578742980957031,9.754070281982422,9.736889839172363,10.000608444213867,10.180566787719727,0.2963118255138397,-7.500462055206299,-1.7283810377120972,-2.3254923820495605,-1.2935322523117065,-1.5387065410614014,-1.2973161935806274,-1.287702202796936,-1.1708770990371704,-1.3727972507476807,-1.1782217025756836,-1.0846014022827148,1.419806957244873,69.960693359375,4.410091400146484,7.927093505859375,2.0437703132629395,3.0177621841430664,2.1366233825683594,2.2669320106506348,1.8214373588562012,2.5657949447631836,1.7914094924926758,1.5265398025512695,-6.26854944051641,5.799168803938007,-4.21717444928844,1.0837555686804006,-2.1964471759308917,-1.0095399033136487,0.11644540176429656,-3.0835945046977287,-1.3710845830827865,-3.821671794920375,-4.948193071142181,14.08801165350922,12.603813729847088,7.791986308430505,10.512170068370528,8.30016391652613,9.190161183656995,7.898477254188101,9.229958366896733,8.964780727272315,7.632027497561272,15.263809788960087,5.208844595036307,13.817374317553623,5.427609035294898,12.380352725174717,-5.152080333369204,7.18990576577666,-1.152726961280529,-6.9621968800178164,5.7093415462939054,14.041194107038253,3.7950783433818303,10.35116717595454,3.5650673940850046,7.240605901897019,3.37563218143792,6.168545103843645,6.104823137153437,10.262262522534536,4.86361230004124,9.283919616872021,6.685790895524839,7.1391193832026785,6.682258029604598,7.977218702957273,12.821379756542257,3.368638784774893,11.14669865990811,1.8486202470915893,-0.10634487569340924,13.359218732199547,9.127759018812423,5.598106436445133,5.721110686054014,8.383094090424107,10.959121300170372,12.455148969670969,9.990828659300178,9.229546371206474,11.403005925450609,12.137475616667347,12.269032750191593,14.643210470841538,13.019193796505808,23.925458291611633
14,46.20303726196289,38.36210632324219,22.54214859008789,26.734580993652344,17.869823455810547,14.991304397583008,13.478232383728027,14.112414360046387,14.358989715576172,14.463419914245605,11.547067642211914,15.320669174194336,2.8585622310638428,3.5933544635772705,9.340386390686035,6.5137858390808105,9.029056549072266,9.089094161987305,9.10448169708252,9.20566177368164,9.426846504211426,9.035181999206543,9.516162872314453,8.538158416748047,-0.5583494901657104,-6.650723934173584,-1.5077357292175293,-2.5140674114227295,-1.5644773244857788,-1.4407031536102295,-1.3793084621429443,-1.3909319639205933,-1.3527909517288208,-1.4357300996780396,-1.19405198097229,-1.6154066324234009,2.551541805267334,83.45612335205078,3.2124485969543457,10.541220664978027,3.1652045249938965,2.5602869987487793,2.294900417327881,2.416077136993408,2.2680931091308594,2.703457832336426,1.6420955657958984,3.6126937866210938,-0.9797223452393886,2.4180859225944937,-0.370136128991205,3.952772823208089,5.049629817667811,0.5437807688213923,6.155547606920985,2.8788611366279357,3.4927818902073686,1.313064896519427,3.539541050081791,0.0168389470738719,4.368492048459708,-2.6983703558291805,-0.13576045739684953,-0.9728041072779154,2.2214352743785333,5.30325781457042,-1.8313611668669938,-1.466480116547519,-0.3025835463113715,2.1533103105195552,6.385472844904325,8.387779287900804,5.415067335312076,7.709644403813426,-0.9740247590557999,5.272588316661781,2.1328260119816926,3.1854882606608927,-2.7198098979741183,3.0519857442357066,4.574956060009684,1.8201683123167636,2.302555976922296,4.799683812041213,-1.7295627810029524,0.45387055819243255,8.476542814505406,14.619761033707434,8.463115458873956,-6.1057922128908,2.6962577074347442,1.1700914433506753,8.749874090439478,7.036618958906108,12.4935042531962,-3.2296379054396978,3.9788232320485983,-1.9344473167708098,7.474734599461397,7.318388799063444,-4.452996040895312,0.4748690455208298,0.7097865324634566,1.7371726036681412,2.0577872978199996,8.078494377245091,3.9759712071039366,3.7613159997211327,-0.22015493993425547,5.457687525463353,1.691203442342481,0.633724164830951,2.2133889687240105,2.7355107848886706
15,26.280025482177734,36.43278503417969,22.23764419555664,30.520923614501953,24.959251403808594,12.662973403930664,19.70147132873535,16.11994171142578,13.268837928771973,17.92827033996582,11.322147369384766,17.968673706054688,10.332901954650879,5.359428882598877,10.272871017456055,5.902861595153809,7.253384590148926,9.833805084228516,9.568052291870117,9.359969139099121,9.86863899230957,8.408231735229492,9.83094596862793,8.445759773254395,-0.9624249935150146,-8.799880981445312,-1.6124118566513062,-5.810104846954346,-3.4115288257598877,-1.3279227018356323,-1.7805532217025757,-1.758286476135254,-1.4326667785644531,-2.2461869716644287,-1.3562233448028564,-2.209615707397461,2.617870807647705,97.11268615722656,3.764336109161377,48.05357360839844,17.627086639404297,2.2633724212646484,4.615084648132324,4.121228218078613,2.6711769104003906,7.121591567993164,2.287780284881592,6.893293380737305,-6.080627790960761,5.257862007202751,2.273436269598267,-3.450332096967187,-7.233323035497006,2.0626450507562235,-6.689418643782066,-3.960184236267684,-6.117374792761257,-1.6189806108434976,-1.454979266084505,23.20321622596198,20.93529620956689,15.413304400681469,11.840008712761742,18.57585096391198,13.358798798421224,11.645838804188394,13.21558872441746,13.986565393178827,15.40022070796674,14.295361572509291,12.390502307384699,17.359177296145102,31.572405456807786,14.479521467803165,11.761280198210827,17.203552703525272,12.679996659594162,18.05618318810353,22.350855686028368,8.844547467140913,9.121192947633585,11.746663400610183,11.745070828195281,18.29754753512517,10.160981685288059,19.754874765229722,9.463396738637082,16.662829896687384,8.685829986092907,15.096137126475385,15.227634154054371,5.168418958047868,16.67618465942527,13.382638127385201,12.198471727443158,12.612107100528817,8.04618819231832,7.634986697277137,4.967484948994069,25.672261704023523,20.0325341499059,10.926211363432268,5.367451017854887,17.27291194152975,16.757652778077237,20.752000420282975,6.793674986305312,14.254759229138337,17.626743038165756,4.862773711465524,5.24678728276901,4.633003844436577,23.536493947769312,4.999879521540549
16,30.77235221862793,36.27351760864258,24.661537170410156,28.270936965942383,18.64381980895996,22.6583194732666,12.88645076751709,20.578275680541992,14.632528305053711,16.57103729248047,8.502483367919922,12.479093551635742,8.345586776733398,5.566340446472168,6.908269882202148,6.028048992156982,7.992763996124268,5.951371669769287,9.713333129882812,6.822998523712158,9.174403190612793,7.671903610229492,9.756672859191895,9.229394912719727,-0.8453096151351929,-6.627487659454346,-3.216106414794922,-4.626706600189209,-2.2141997814178467,-3.5410032272338867,-1.3793772459030151,-2.8994510173797607,-1.677628993988037,-2.1405413150787354,-1.2689542770385742,-1.4526124000549316,5.05367374420166,57.41620635986328,16.147485733032227,28.844064712524414,7.069818496704102,19.760574340820312,2.399451732635498,12.388816833496094,3.682849407196045,6.631433486938477,1.824483871459961,2.8416099548339844,-18.745186010641152,-4.9499215912900265,-25.615528467040765,-12.815948213369584,-19.86407996303542,-11.56394476737943,-12.93886016140656,-24.545261194866107,-15.653744359410945,-1.0496163290126084,11.077957718464573,19.809135471253207,23.550542367205193,7.778093806179422,17.49882708644996,5.675488474375558,17.289663586756653,10.4754587904761,14.674750101351407,5.14077302248842,0.21857452194825813,18.87226773776983,1.6392138385210702,12.844821617039958,1.577345785741714,16.409446806844617,1.834263093819624,8.718015523491292,3.4502307760783175,3.908692802174067,13.038027759954785,18.179565237442322,1.2078274802149445,18.07317615264805,12.261891131307602,14.742463753861813,3.8733495940953255,-2.1172034070523273,17.033698548514494,10.113586098156034,1.0906002979280127,14.846215874657346,6.437874733388478,5.3009312536984154,0.41101263019045403,13.713065300790419,14.34109381243301,8.868342072508895,10.03196178326888,2.174413570491572,-0.5176761850369288,8.382301126103787,13.736151395746143,1.8576307866293598,7.197403496064157,8.600523611033365,9.308014078721314,11.535788537541196,2.071670600575803,3.8836746550814074,21.043082917183366,3.1631826627476136,-6.674932896418948,2.8149854075131557,6.357765801862096,11.028778760661162
17,26.32109260559082,37.48064422607422,22.189180374145508,29.529502868652344,16.436439514160156,19.301822662353516,12.830114364624023,17.420724868774414,12.010025024414062,18.08112335205078,10.618733406066895,12.866704940795898,9.46420669555664,5.956479072570801,10.010005950927734,6.176830768585205,9.554572105407715,8.809131622314453,10.025424003601074,8.904926300048828,9.89852237701416,8.420768737792969,9.922685623168945,9.90740966796875,-1.037426471710205,-8.785348892211914,-1.8201202154159546,-5.813625335693359,-1.7461332082748413,-2.296499013900757,-1.4387131929397583,-2.077357769012451,-1.445961594581604,-2.3477232456207275,-1.3338016271591187,-1.5409572124481201,3.8285598754882812,89.23974609375,5.394320487976074,46.6739501953125,4.042109966278076,7.24116325378418,2.5750222206115723,5.98414421081543,2.6242737770080566,7.757555961608887,2.07783842086792,2.914407730102539,-17.02980263770727,-11.811752996561623,-17.283604118464982,-25.217559992720947,-7.601910745810721,-16.147453878451962,-6.2621051698346974,-11.208473291121058,-18.11148652238586,-8.407732825038414,-12.830512614695497,30.618727773198394,30.27663582972914,17.53189848604906,20.394895447242973,20.71771850130331,18.59503230243798,19.74109692302029,20.757447748045465,16.39500439208975,18.6267813391941,24.57476271144427,9.654943579537377,2.9705904416431013,24.400228102707004,5.054079001299236,22.897422258898395,23.820829822726722,18.556626158785683,23.097090354345355,18.85576125476062,19.924706408000304,16.296447991595546,17.583535412044693,18.32449672935504,20.47685428234283,11.466346586089141,19.10391504920629,13.675670255856854,16.503967080757597,9.401928234545364,13.623026714807729,21.351721542727798,10.324164845824624,20.027667160217806,16.06514215617083,29.869060212080218,12.051659899248738,20.545500939430973,12.984420296757188,15.021522328048746,17.156642033996178,20.723251259097434,18.22839813792319,14.633968400171238,21.79769464876786,23.421362943471088,22.656624231869216,14.583020021412716,17.545926711297835,29.941822756223658,15.534541573466218,18.80288797783135,16.236192939724496,27.960033169311316,21.179089896582376
18,31.770336151123047,37.224098205566406,22.875198364257812,31.356054306030273,11.683979034423828,19.51030158996582,11.313316345214844,16.186058044433594,10.121171951293945,15.34610652923584,11.25963306427002,17.348817825317383,6.5639119148254395,4.074012279510498,8.067980766296387,4.328237533569336,9.548554420471191,7.388411521911621,9.521666526794434,8.064852714538574,9.625033378601074,8.224742889404297,9.519845008850098,7.533115863800049,-2.1423346996307373,-12.083089828491211,-2.2938363552093506,-7.699077606201172,-1.3239442110061646,-2.5084388256073,-1.3397209644317627,-2.0256361961364746,-1.3086944818496704,-1.9865494966506958,-1.3769893646240234,-2.3658320903778076,10.704524040222168,177.9683380126953,8.030566215515137,94.23722076416016,2.2164292335510254,9.586434364318848,2.1976404190063477,5.677210807800293,2.037552833557129,5.464007377624512,2.2751283645629883,8.05789566040039,-8.418915034954301,-7.956699010007227,-9.435125667730702,-5.352977997754125,-9.075015949176956,-4.1781343920998175,-8.62063141000136,-5.9546951688600425,-3.5210649855616833,-5.661738953004609,-14.03786035109364,14.469636506729314,13.524075836443275,6.674222642892633,10.906207139233805,8.445617073485378,8.546219148255346,8.44092109460333,8.51360901629028,8.81617213900411,9.481129264527855,12.300071822886121,0.5554964166265259,8.797447264485921,8.879634277893631,8.040331346593703,7.49051938539074,12.158664853773438,10.790764470944323,6.0696130610957955,6.232301178597395,8.361501504356093,6.267706658500185,7.8432322314897505,7.344956399141084,7.238626874630706,6.445037977197676,9.77263710831111,8.398564454205244,6.711958691058031,4.221289140785304,9.54048440393799,-0.16837664497210456,2.8951896245374873,4.339943749063685,10.603846641519937,15.14482252048229,4.41892813901276,11.625809024974721,8.382012154685155,9.386921340819828,11.107621443580518,4.655409807549322,2.6813735722236456,7.148755344977112,2.2777079611348308,5.320087127989485,11.400202679197418,5.392174517316594,10.470172448059026,2.7501961685357843,6.3071019717988275,4.0122669837362315,21.817602495974114,10.201226545094592,16.815877806411518
19,22.796899795532227,38.521419525146484,19.872365951538086,29.396652221679688,15.881436347961426,13.63306713104248,12.377279281616211,13.513531684875488,10.377796173095703,10.79311466217041,12.131125450134277,9.174884796142578,9.980582237243652,2.27374529838562,9.17255973815918,5.117286205291748,9.557028770446777,9.742875099182129,9.746184349060059,9.358240127563477,9.469489097595215,9.359851837158203,9.344681739807129,9.660432815551758,-1.1552892923355103,-11.711331367492676,-1.4123986959457397,-3.2038915157318115,-1.2156085968017578,-1.2765589952468872,-1.3247352838516235,-1.3304363489151,-1.2031779289245605,-1.224860429763794,-1.3721156120300293,-1.1630961894989014,2.77333927154541,266.9759216308594,3.093498706817627,19.9805850982666,1.9865527153015137,2.111614227294922,2.186141014099121,2.2035903930664062,1.7255773544311523,1.7990365028381348,2.298916816711426,1.545945644378662,-1.5109011664457148,4.42108315957477,-4.74695765033427,-2.498502554025392,8.901681355081424,-0.709026878734193,1.4443856341369685,2.799037802442285,-0.9525146114231592,-3.743084562294502,1.6916403264004096,4.215536564081943,3.9209986430172155,-1.7661758585702776,3.2730397627138275,0.7400397659223328,1.8608843799084132,0.6694003312770072,0.6416873815535714,3.306034656357757,0.2696003605570524,3.533433099707218,-12.056628838598089,14.270577500314333,-0.3021484070979196,2.2372658795293705,3.3457351245473332,4.42122332715676,8.741821160147031,0.9724487651006782,-0.5329492674411481,6.71772804524068,-3.296448991691103,-1.1259137442412335,-0.799883409551264,-2.9908906093945795,0.39285910422753795,-4.920389771650201,-0.09645210174710388,7.795879935448918,-2.9388689863683464,3.055730866553744,-5.081531198258568,-4.916716106347624,-1.0773708805260862,2.286172251079409,12.701037207650318,1.8586264921806572,-5.632956739450519,2.7192547710340813,-1.1078078132636069,4.343248643718264,1.6065641046746606,1.6918325129554197,5.2512763037180665,4.844670301038661,4.669691591835187,-2.419388457896038,5.668403739855432,2.305834136674278,8.055148860002681,-0.1069851560697128,3.619733855962321,0.44293277675357967,5.136088920393852,2.06321471423233
20,28.7679386138916,35.49365997314453,23.472675323486328,24.18494987487793,15.842061042785645,19.409412384033203,12.896824836730957,13.988777160644531,10.473159790039062,11.463736534118652,10.564313888549805,11.056769371032715,9.571898460388184,5.9816389083862305,9.536139488220215,7.459369659423828,9.635466575622559,8.659279823303223,10.138965606689453,9.612699508666992,9.908875465393066,9.709329605102539,9.667105674743652,9.66425895690918,-1.0700547695159912,-6.043467044830322,-1.8727840185165405,-2.8918566703796387,-1.552114725112915,-2.0712332725524902,-1.262065052986145,-1.5274767875671387,-1.23746919631958,-1.280078411102295,-1.2830824851989746,-1.2632546424865723,3.1793136596679688,52.79118728637695,5.356260299682617,13.378194808959961,3.2892093658447266,6.214694023132324,1.9727849960327148,2.987199306488037,1.7925019264221191,2.0072412490844727,2.0069336891174316,1.9869656562805176,-14.507707097840914,23.450675024524074,10.325503410672196,6.715412119524039,4.1637065023583935,-9.781404755923173,-1.464789573231371,-0.37753973303010624,3.2830419193151203,-8.301221915206062,-1.9523735255512613,4.975313490303383,12.038757041948138,13.55881970871419,5.688174232295064,14.479650562460398,10.840089180366414,11.834525401968776,7.110824982096181,10.729605657499775,10.488908362618604,26.702240472541444,11.40213656437614,22.249571555865554,5.153845358141807,12.11626426699012,6.804066579387033,11.057830610293937,3.221082442250748,4.659064493630592,14.419475955125819,20.717426043342808,9.907484765809242,12.826476329900776,6.7562246935037615,9.21910720544916,4.811989472241663,5.769011863311947,14.965872118193719,12.776342620918316,9.74036984901223,6.16820094241769,12.508386527984761,1.0143725929102212,10.994396129515001,4.402641364480557,12.484275910009897,6.638393540293247,15.938386909279345,6.902786391571329,11.08702606678111,5.80569809065245,18.860527079641066,5.266254526553304,13.394027601354775,12.920038976256244,2.8632468537631146,13.937134363437838,7.0568764342064405,11.768828213467886,6.548001860099882,13.270046197828405,10.721677565718444,2.1687142701150908,12.888614173335881,4.7217521432275396
21,32.332130432128906,37.38408660888672,20.50334930419922,24.73965835571289,15.925941467285156,19.63874626159668,13.06041145324707,15.382424354553223,12.351171493530273,14.53327465057373,11.384690284729004,11.050578117370605,9.776044845581055,7.716372966766357,11.518240928649902,9.301305770874023,10.543447494506836,9.673531532287598,10.823895454406738,9.631616592407227,10.361494064331055,10.239095687866211,10.456101417541504,10.282329559326172,-1.2539774179458618,-6.316025733947754,-1.2971887588500977,-2.7844972610473633,-1.4281057119369507,-2.179708242416382,-1.2346235513687134,-1.8948450088500977,-1.327928900718689,-1.644845962524414,-1.2565174102783203,-1.3666813373565674,3.1123805046081543,47.28981399536133,2.989445209503174,10.550585746765137,2.917877197265625,6.320239067077637,2.006596565246582,4.687410354614258,2.275031566619873,3.3039374351501465,1.9598898887634277,2.157148838043213,-7.767700136679965,10.991596305562641,-12.819428014909592,2.4297935323091333,-22.390174880575152,-2.5631245801683713,-20.915659328302375,-4.840870332630469,-26.84891933984417,0.19929306276052366,-4.606281289836457,32.90276515088098,37.74238329264028,28.280540066170236,27.917193313236126,27.398494885179367,28.07497924560914,25.71045817247402,23.58214509627504,22.318723652269917,23.294257590443937,25.084413105153175,39.59330247825877,18.509188128511504,28.744692877128255,22.018480886407726,30.43899025469594,14.726002587616,31.77725676178236,29.276462747234,21.707354497894837,23.012070856181715,10.5048070464342,26.194591715173388,16.575251198964846,19.477933999925632,10.450669963910746,18.326558895584256,24.55144744741057,28.350481886506373,22.949883824856265,30.710872882850587,21.92877862623434,24.946313840501702,26.279054801083635,16.28901082581072,22.602723088750917,14.89905069155121,34.28623600971295,11.927201100413136,14.834744586939001,25.762446024209805,26.421650067936454,18.130408615914114,32.27338396606817,23.8187034259766,26.85635784369195,21.529385686664263,17.198758868135418,22.748649966690635,22.834036989553205,24.99194367264224,21.174527582775422,18.02615824180382,17.343299604576185,24.71750334917631
22,31.447587966918945,35.893558502197266,24.05065155029297,30.252763748168945,14.858200073242188,20.034934997558594,12.578516960144043,19.018795013427734,12.432676315307617,14.08521842956543,11.530011177062988,12.35340690612793,10.32059383392334,4.498236179351807,9.490530967712402,5.62575626373291,9.843048095703125,8.122036933898926,9.962315559387207,8.139676094055176,10.092443466186523,9.305490493774414,10.231438636779785,9.564860343933105,-0.8930926322937012,-4.965328693389893,-1.312601089477539,-3.388953447341919,-1.219766616821289,-1.5663939714431763,-1.1618454456329346,-2.0841050148010254,-0.9630604386329651,-1.3278967142105103,-0.8999239802360535,-1.2413952350616455,2.302732467651367,44.74699020385742,3.4397010803222656,20.37602424621582,2.0593223571777344,4.539534568786621,1.812568187713623,6.049999237060547,1.5406908988952637,2.36502742767334,1.3121352195739746,1.921830177307129,-4.869768176248519,23.40760667809801,-9.907408927237729,7.033294868947233,9.212571074148459,16.14320240565628,-6.378604478064087,8.861176437939017,-5.8316204333155275,17.816921375562103,-9.359859278644413,0.2417636100582168,0.6921210922724482,0.9944310186344729,-4.2659470367053,2.3085596160948345,0.5930260979753011,4.118719536023793,3.9827837036807816,2.189795289470821,5.657877847549801,5.03375034032962,16.564102983374706,5.7533348344311666,3.0870153537692926,9.853949553942591,7.685284805260265,10.393582473783821,15.794324869009897,8.56043680266147,5.055365049736876,3.412229794757036,-5.3893482455060555,7.282396375749568,-7.174222982447156,1.2658984494718097,-4.9432750115401385,1.1656916924316607,12.837083762187929,0.18450053200976907,9.87697942960255,12.478854650348705,6.627511713588407,7.358936531918148,13.852175735699904,1.5518614264743553,8.332531266427194,0.6694697494956396,2.602615696494279,-4.986290084959733,-5.46504209974583,-5.99856552638056,12.020256714388628,1.5824936311847742,15.391563082952523,1.34264748454116,-2.4467921303142557,7.71282012302193,-0.5774919674354261,6.1030778545430975,8.22394029173528,18.750902595179635,7.906101084832184,4.569343248212471,9.913200350001201,7.09063117202715
23,35.06282043457031,39.34688186645508,21.57421875,27.906572341918945,17.50382423400879,18.827726364135742,15.713666915893555,18.279685974121094,12.497213363647461,11.810521125793457,11.797550201416016,10.928441047668457,10.77999496459961,5.36635160446167,9.997879028320312,6.35205602645874,9.514579772949219,8.957979202270508,9.444408416748047,9.27839183807373,9.772640228271484,9.956541061401367,9.782155990600586,9.873099327087402,-1.0979245901107788,-7.1845011711120605,-1.4983068704605103,-3.506636381149292,-1.5826479196548462,-1.927744746208191,-1.5341876745224,-1.7340608835220337,-1.2699334621429443,-1.251218557357788,-1.277148723602295,-1.2324262857437134,1.959233283996582,76.48949432373047,3.2529263496398926,21.506498336791992,3.541741371154785,5.174386978149414,3.1171231269836426,4.1403679847717285,2.087308406829834,1.9496936798095703,2.1111888885498047,1.833256721496582,3.5441473664307668,-3.088474988247458,-10.1356610902307,5.3991115929191436,4.72848620809866,5.625561873134979,14.961217445673798,3.2117945363116673,-2.744995424434621,-1.6890569840271012,-0.7957412464111265,11.692849737008837,18.394131415307452,13.053536403518287,10.50737682379085,10.881598774194114,14.824485119432575,10.930306204395187,10.011073197952301,9.561182792484063,8.662830938069078,16.849931671217718,7.577462695587857,10.762193560226715,4.36399616289706,4.269837098921192,8.52006741555897,10.131792882520186,7.905485142361971,7.813989758760376,7.650561482925924,13.683013937210568,9.219691708661614,9.672478775291198,3.8081109232374577,5.112887071934296,7.8830708833729135,6.8436729246846,8.95853338719427,11.879281706276632,11.898959052161072,5.178976618951516,5.436255501302047,6.23607774039354,7.5558829762092365,19.45486905553092,21.860242674639238,1.6867361782229553,3.4439070537765035,3.5771548283486534,10.616780651749064,24.199791324152116,1.9962916106458437,2.1922233051323476,5.955108813590055,10.556072413132444,4.927950716721625,3.5905938386104315,3.8966968256626013,10.365377145772941,14.843998126384621,8.523816416809186,7.975662624437652,16.200615294392506,8.854371140674697,11.853622748332437
24,29.924827575683594,36.306182861328125,22.75634002685547,29.951847076416016,14.844347953796387,14.825109481811523,12.555556297302246,12.069443702697754,11.741600036621094,12.499327659606934,12.327288627624512,11.142486572265625,9.571429252624512,7.040917873382568,10.354196548461914,7.409862995147705,10.598193168640137,10.21036434173584,10.340279579162598,10.03561019897461,10.059020042419434,10.168557167053223,10.056498527526855,10.245845794677734,-1.0601685047149658,-6.6844048500061035,-1.7979695796966553,-4.518837928771973,-1.3319008350372314,-1.4734528064727783,-1.3406192064285278,-1.4420846700668335,-1.4079371690750122,-1.3822897672653198,-1.5185227394104004,-1.3838927745819092,3.8722352981567383,53.88649368286133,5.1108808517456055,29.061180114746094,2.505425453186035,2.939432144165039,2.2896728515625,2.750460624694824,2.503390312194824,2.3973183631896973,2.7488670349121094,2.263274669647217,-15.762410609015758,-1.9824282943601657,-15.63114248208699,4.775764031335276,-0.0828103080551997,-8.372564939079888,-8.359631549377143,-8.78315584817295,-23.30245322088158,-7.459973906997803,-18.8936723915831,37.91463571220786,39.26517757081722,26.937823058309704,26.317307249069117,22.108105233677914,21.51856226505307,22.215172884233404,21.972731865402615,19.96713736409162,22.66123360373325,30.762933217164143,38.43871527434541,36.14813564758577,19.428228212670934,19.02614905824459,18.935352465988014,5.937459453861195,24.144709795273783,11.222077294125313,16.460813946443853,21.147598072365053,16.674081010065322,15.660609832851698,17.441119076057863,17.667230779013124,18.037817815489458,21.092730589266864,26.120188061675623,25.10456446573409,16.225659086066333,23.73033296806285,9.068990652770333,15.195815964736525,15.678172422233736,26.703928628304222,21.583741264591737,17.273459059086882,15.967002304887501,10.146712368480113,16.750561522318705,22.989063094668673,23.452478790310753,16.498022978272296,11.964605366588517,19.925378594169505,19.7021403817045,22.55285054347444,11.790056359054432,18.981461855630474,18.20209671561882,17.3667788500581,15.41110904305466,3.513073712676067,22.639091036995023,8.627159502448572
25,31.89707374572754,39.753082275390625,19.72834587097168,28.92447280883789,15.435510635375977,14.892273902893066,13.244333267211914,15.178786277770996,13.496187210083008,12.640867233276367,13.164243698120117,12.430973052978516,12.65658950805664,5.20682430267334,10.434894561767578,5.78427267074585,10.270848274230957,9.99153995513916,9.879019737243652,9.498827934265137,9.710201263427734,9.53925895690918,9.769464492797852,9.617934226989746,-0.7115811705589294,-6.873887062072754,-1.269239902496338,-4.01943826675415,-1.2119852304458618,-1.2606176137924194,-1.2444958686828613,-1.474879503250122,-1.2841187715530396,-1.3513883352279663,-1.2734384536743164,-1.346789836883545,0.5988883972167969,73.34664154052734,2.4384493827819824,28.117177963256836,2.046523094177246,2.2320237159729004,2.03483247756958,2.8599352836608887,2.278937816619873,2.3462648391723633,2.110212802886963,2.3047327995300293,9.576170934604349,31.337408352681926,-1.3267359640847545,38.19725451969382,21.39226268555003,9.233355596601001,-3.8073177814926162,12.054306557705495,-3.6758437059425395,10.454765738663417,-5.335092300179585,11.500449870492902,14.072969595496183,9.330400629870324,2.933394295682287,2.8202028692476713,3.7377483887503216,7.847323616157665,7.351010965495853,8.997788310184573,7.065510270278466,11.254706220043722,12.344388378955877,18.725915138631898,9.071588438453658,3.8007909803021502,4.533357907148777,4.772330580578488,4.8044529576740045,0.7129623702395254,5.0361281700702,1.938407888321024,3.3361365041165802,4.638353552693295,1.8475989502094339,5.862590040668348,5.467589379225115,3.0324062570499493,14.010778825741895,7.09084457591921,6.281374878789464,8.788042851018691,4.344517289867907,9.134308393836799,5.201519469633727,13.042343357019611,12.368043333069796,7.493340410952006,7.9824092234049715,1.3583338315959401,5.602457980570543,14.123990971442213,11.29617281040447,3.6586150080855018,5.461636741762691,6.333644083886139,10.591321103076623,7.342158481276111,2.1816207568517996,7.0114968623205165,11.991706222481413,10.910054866855907,6.167479546831316,4.400870060877018,8.827338022727597,2.245312176276927
26,42.08797073364258,41.20041275024414,23.25023078918457,27.563518524169922,19.727745056152344,14.842061042785645,14.3993558883667,14.216004371643066,13.611095428466797,13.551682472229004,15.077836036682129,14.91462230682373,6.2895426750183105,4.614368915557861,10.303650856018066,6.230187892913818,9.817841529846191,9.688633918762207,9.823556900024414,9.893401145935059,9.818532943725586,9.89423656463623,9.797772407531738,10.078144073486328,-1.9413058757781982,-11.383270263671875,-1.496106505393982,-3.7557613849639893,-1.6401668787002563,-1.4056271314620972,-1.3702819347381592,-1.3552454710006714,-1.3550530672073364,-1.311875581741333,-1.4622995853424072,-1.3070167303085327,8.829423904418945,159.5843505859375,3.4247493743896484,24.399492263793945,3.7195119857788086,2.604166030883789,2.433295249938965,2.44351863861084,2.370755672454834,2.2869181632995605,2.833162784576416,2.2994604110717773,-1.8637679429292788,21.22989102011336,-2.139817970529973,10.26629338789458,0.30385461650706663,-3.2879211354968536,-2.739485224407459,1.4777488683903648,1.6255834863316354,1.529441294894573,-7.302921712568608,8.978060164036407,12.620525681259462,11.153198063896435,8.56157135140949,9.499005049121752,9.434955770494323,9.45772074922593,9.226518050588345,12.453339246360851,11.434363759872552,13.889259226379085,20.58289711465259,14.062688344532418,4.664540290667009,4.82767453075173,6.051703457930734,3.462393378581679,2.115386082936055,-5.406743657164313,8.758600328520838,10.216786350259115,4.601448475449012,6.59149269102557,6.096578623873267,8.319860738373333,7.801199671662024,5.094230229536677,11.646327998016268,14.993688418416472,9.880732544633693,4.360507020097959,-0.4600551467115164,2.1871321105352535,6.580819834793106,16.239105011519907,13.051934502295044,4.775858058121914,4.9559384485814055,-1.3502202936780927,6.993318729130142,21.24376234307662,5.263196183384565,5.225073152507276,0.5572807949342268,13.158119078923084,13.270265339994115,8.078481677832285,2.31121804390947,11.063657288163764,19.53421828705662,9.086652544677497,7.7163105112955055,10.256733448839649,9.192093726629544,9.31404767294249
27,33.269527435302734,39.455535888671875,21.553205490112305,28.604185104370117,14.18257999420166,19.73598289489746,13.061932563781738,14.718835830688477,12.169611930847168,13.511321067810059,11.030487060546875,11.56594467163086,10.471287727355957,6.988805770874023,10.560583114624023,6.5703887939453125,10.262731552124023,8.921426773071289,9.995508193969727,9.750449180603027,10.095748901367188,9.90910816192627,9.82384204864502,10.087686538696289,-1.2052744626998901,-7.339564323425293,-1.738320231437683,-5.492753505706787,-1.4409672021865845,-2.363412380218506,-1.4858235120773315,-1.6439645290374756,-1.3751870393753052,-1.5233081579208374,-1.4251881837844849,-1.3926970958709717,2.898129463195801,64.36115264892578,4.4003167152404785,40.66632080078125,2.639619827270508,7.684329032897949,2.8072495460510254,3.5208373069763184,2.340644359588623,2.961150646209717,2.5177316665649414,2.390414237976074,-3.1230471574320084,-0.32237902681849834,-9.729317253039758,3.6639902622026175,-7.757398905967749,-5.347703691218524,-5.660010025822781,0.3398821653284942,-8.697458185146465,-1.3431632259394641,-5.628541085147774,33.788023810288266,33.29292358963343,25.49933791674731,24.792064161841196,22.938562137468743,23.88980798376794,24.254622881845172,18.579501555085653,22.094604376629913,20.00399342377733,27.15614092635145,15.858369098302235,15.81541046325977,20.094983360497736,17.411812243346567,19.17387173736077,12.37598550700681,16.925967204943664,12.018877724627052,19.464211338729594,25.112081332853283,17.05101882957096,22.17793514768548,19.172353786695147,22.691028594714734,16.581458422567426,19.184163715048133,16.64347913037469,19.48519995944813,17.850779065873127,22.39573178714458,18.258284943746173,15.53432570194789,20.371172535416438,11.879703487256652,14.389555623955811,14.34598992822313,22.57511508324848,14.28045765265531,20.406261734943776,14.365823710067826,18.069060081581892,12.473663365803892,15.234113452406891,12.576884508228312,25.1887810637558,24.192824032889444,14.960739254873792,19.610757297870702,24.441166473892725,17.156369489280166,16.067403240055345,15.948235134064833,24.2966765554381,18.76570473644659
